mode,total_tasks,concurrency,io_ms,total_time_s,qps,avg_latency_ms,p95_latency_ms,p99_latency_ms,used_memory_mb
virtual,20000,1000,50,1.053496,18984.42,50.879,54.185,66.335,62.239
virtual,20000,2000,50,0.557881,35849.94,51.497,62.259,63.283,63.049
virtual,20000,3000,50,0.399602,50049.77,52.223,64.851,68.454,61.195
virtual,20000,5000,50,0.286082,69910.11,58.112,85.671,99.918,59.928
virtual,20000,8000,50,0.239562,83485.55,66.220,98.537,103.725,55.250
virtual,20000,10000,50,0.202284,98870.96,69.125,95.473,95.818,39.235
